label,message
ham,Hey are we still meeting at 6 pm today?
spam,Congratulations! You have won a $1000 gift card. Click now.
ham,Please send me the report by tonight.
spam,You were selected for a free vacation. Reply YES to claim.
ham,Can you call me when you are free?
spam,Limited time offer! Buy 1 get 1 free. Visit our site.
ham,Don't forget to bring your laptop tomorrow.
spam,URGENT! Your account is suspended. Verify your details immediately.
ham,Thanks for your help with the presentation.
spam,Win cash prizes every day. Text WIN to 55555.
ham,Let's have lunch together this Friday.
spam,Lowest loan rates available now. Apply in minutes.
ham,I will be late by 10 minutes.
spam,Get rich quick with this secret method. Join now!
ham,Happy birthday! Hope you have a great day.
spam,Claim your free ringtone by clicking this link.
ham,Please review the attached document.
spam,This is not a scam! Send your bank details to receive money.
ham,Can we reschedule our appointment?
spam,Exclusive deal just for you. Act fast before midnight.
ham,Your package will arrive tomorrow.
spam,You have been pre-approved for a credit card. Respond now.
ham,Meeting moved to conference room B.
spam,Earn $500 per day working from home. Start today.
ham,I'll pick you up at the station.
spam,Final warning: Your mobile number has won a lottery.
ham,The class starts at 9 am sharp.
spam,Free entry in 2 a weekly competition. Text FREE to enter.
ham,Could you share the notes from yesterday?
spam,Hot singles in your area are waiting. Sign up now.
